RP,Nom du parlementaire,Bénéficiaire,Pays,Somme,Programme,Programme détaillé,Année
AN,ACCOYER,Délégation générale de l'Alliance Française ,Brésil,20000,185-02,Coopération culturelle et promotion du français,2011
AN,ACCOYER,Echange Sahel,,10000,209-02,Développement - Coopération bilatérale,2011
AN,AESCHLIMANN,Rotary Club d'Asnières,,1000,209-02,Développement - Coopération bilatérale,2011
AN,ANCIAUX,Tout dans la 4L,,1000,209-02,Développement - Coopération bilatérale,2011
AN,ANTIER                 (N),L'ENVOL - centre médicalisé de loisirs en France pour enfants européens,,60000,209-02,Développement - Coopération bilatérale,2011
S,ARTHUIS,Ambassade de France en Russie,Russie,40000,185-02,Coopération culturelle et promotion du français,2011
S,ARTHUIS,Consulat de Murcie,Espagne,5000,185-02,Coopération culturelle et promotion du français,2011
S,ASSOULINE          (N),Réunion-Dagana,Sénégal,20000,151-01,Offre d'un service public de qualité aux Français à l'étranger,2011
AN,AURILLAC            (N),"DEFAP - 
Service protestant de mission",,50000,209-02,Développement - Coopération bilatérale,2011
AN,AURILLAC            (N),Les Mains Ouvertes               ,Vietnam,40000,209-02,Développement - Coopération bilatérale,2011
AN,BATTISTEL,Parrainage enfants Calcutta,Inde,1000,209-02,Développement - Coopération bilatérale,2011
S,BEL,Cuba Coopération,Cuba,15000,185-02,Coopération culturelle et promotion du français,2011
AN,BIGNON,Les 4L du Cœur,,2000,209-02,Développement - Coopération bilatérale,2011
S,BOTREL                (N),Tansab'eau              PUIT POUR UN VILLAGE,Burkina Faso,1000,185-05,Diplomatie culturelle et d'influence - AEFE,2011
AN,BOURRAGUE         (N),Coup de Soleil          A LA RENCONTRE DU MAGHREB,,3000,209-02,Développement - Coopération bilatérale,2011
AN,BOUVARD             (N),Entente La Gacilly-Diapaga         ,Burkina Faso,3000,209-02,Développement - Coopération bilatérale,2011
AN,BOUVARD  Loïc          (N),"Association pour la Solidarité et  la Promotion des 
Mitsamiouliens  en France (ASPMF)   GRANDE COMORE",Comores,10000,209-02,Développement - Coopération bilatérale,2011
AN,BOYER                   (N),La Flamme d'Harmattan,,2000,209-02,Développement - Coopération bilatérale,2011
AN,BRANGET              (N),Vel'Horizon Samson   ENFANTS HOSPITALISES AU CHU DE BESANCON,,1000,209-02,Développement - Coopération bilatérale,2011
AN,BRANGET              (N),Brulard Ensemble        EPICERIE SOCIALE A BESANCON,,2000,209-02,Développement - Coopération bilatérale,2011
AN,BRARD,AFAK-Asso fr d'appui au développement de la région de Kayes (Mali),,95000,209-02,Développement - Coopération bilatérale,2011
AN,BRUNEL,"Echanges internationaux pour le développement et la coopération (ECIDEC)
COLLECTEUR D'EPARGNE SOLIDAIRE - RESEAU ""COUP DE POUCE"" ",,5000,209-02,Développement - Coopération bilatérale,2011
AN,BRUNEL,Association des Khmers de Bussy-Saint-Georges (AKB),Cambodge,5000,209-02,Développement - Coopération bilatérale,2011
AN,BRUNEL,Association franco-haïtienne (Roissy-en-Brie) - Seine et Marne,Haïti,3000,209-02,Développement - Coopération bilatérale,2011
AN,CALVET,Comité départemental coopération décentralisée    (CDCD) {+ IRLES  1.000 € }                   ,,2000,209-02,Développement - Coopération bilatérale,2011
AN,CALVET,Soler Sénégal Soleil,Sénégal,2000,209-02,Développement - Coopération bilatérale,2011
AN,CALVET,Pezilla Solidarité,Madagascar,1500,209-02,Développement - Coopération bilatérale,2011
S,CAMBON              (N),Lycée Marc Chagall de Tel Aviv  COLLEGE,Israël,15000,185-05,Diplomatie culturelle et d'influence - AEFE,2011
S,CANTEGRIT,Courrier Australien                                  ,Australie,10000,185-02,Coopération culturelle et promotion du français,2011
S,CANTEGRIT,"Ecole française de Vancouver
 Ecole française internationale - NORTH VANCOUVER",Canada,10000,185-05,Diplomatie culturelle et d'influence - AEFE,2011
S,CANTEGRIT,Hôpital Saint-Louis d'Alep,Syrie,10000,151-01,Offre d'un service public de qualité aux Français à l'étranger,2011
S,CANTEGRIT,"Association SOS international  ""SOS PAPA INTERNATIONAL""",,10000,151-01,Offre d'un service public de qualité aux Français à l'étranger,2011
S,CANTEGRIT,Assocation Haïti Partenaires France Europe,Haïti,10000,151-01,Offre d'un service public de qualité aux Français à l'étranger,2011
S,CANTEGRIT,Société d'entraide de la Légion d'honneur Caracas,Vénézuela,10000,151-01,Offre d'un service public de qualité aux Français à l'étranger,2011
S,CANTEGRIT,Société d'histoire de l'Ile Maurice,Ile MAURICE,10000,151-01,Offre d'un service public de qualité aux Français à l'étranger,2011
S,CANTEGRIT,Société de l'hôpital Notre Dame de la Paix à Kobayat ,Liban,20000,151-01,Offre d'un service public de qualité aux Français à l'étranger,2011
AN,CARAYON,Les Enfants de Tana-Maza,,1000,209-02,Développement - Coopération bilatérale,2011
AN,CARREZ,Citées Unies France,,50000,209-02,Développement - Coopération bilatérale,2011
S,CERISIER BEN GUIGA,Amis de la french ABC   AUX Etats-Unis MAIS RIB EN France,Etats-Unis,20000,185-02,Coopération culturelle et promotion du français,2011
S,CERISIER BEN GUIGA,Lycée franco costaricien               ,Costa Rica,17500,185-05,Diplomatie culturelle et d'influence - AEFE,2011
S,CERISIER BEN GUIGA,Association Véronique                  en France                                    ,,30000,151-01,Offre d'un service public de qualité aux Français à l'étranger,2011
AN,CHEVENEMENT   Prés.,Fondation Res Publica,,50000,185-04,Diplomatie culturelle et d'influence - Attractivité et recherche,2011
,CHEVENEMENT   Prés.,Amendement parlementaire,,10000,151,Français de l'étranger et affaires consulaires,2011
AN,CHOSSY              (N),Association franco-camerounaise BIAGNE,Cameroun,10000,209-02,Développement - Coopération bilatérale,2011
AN,CHRIST                (N),Association de charité Sainte-Véronique                                                  ,,5000,209-02,Développement - Coopération bilatérale,2011
AN,CINIERI                 (N),Easy smile,,1000,209-02,Développement - Coopération bilatérale,2011
AN,CINIERI                 (N),Jumelage Sunset-St Paul en Cornillon,,1000,209-02,Développement - Coopération bilatérale,2011
AN,COCHET,Association pour les échanges et la coopération entre Lyon et Erevan,Arménie,1000,209-02,Développement - Coopération bilatérale,2011
S,COINTAT,Chambre franco-centroaméricaine      ,Costa Rica,12500,185-02,Coopération culturelle et promotion du français,2011
S,COINTAT,Lycée franco-costaricien             ,Costa Rica,22918,185-05,Diplomatie culturelle et d'influence - AEFE,2011
S,COINTAT,Lycée français Jules Verne   ,Guatemala,30400,185-05,Diplomatie culturelle et d'influence - AEFE,2011
S,COINTAT,Collège des frères de Jaffa     ,Israël,20000,185-05,Diplomatie culturelle et d'influence - AEFE,2011
S,COINTAT          + frassa,Femmes de la Méditerrannée   LYCEE Français DE MADRID              ,Espagne,11000,185-05,Diplomatie culturelle et d'influence - AEFE,2011
S,COINTAT        + ferrand,Terre de Talents - Projet d'avenir ,,2182,185-05,Diplomatie culturelle et d'influence - AEFE,2011
S,COINTAT,Courrier Australien      ,Australie,1000,185-05,Diplomatie culturelle et d'influence - AEFE,2011
AN,COPE                     (N),Moldavenir                                           ,Moldavie,4000,209-02,Développement - Coopération bilatérale,2011
AN,COUSIN,Sainte Thérèse de l'Enfant Jésus                                               ,,1000,209-02,Développement - Coopération bilatérale,2011
AN,COUSIN,Sambava Développement                        ,Madagascar,1000,209-02,Développement - Coopération bilatérale,2011
AN,CROZON,Association des Nigériens et amis du Niger en Rhône (ANAN),Niger,5000,209-05,Développement - Coopération multilatérale,2011
AN,CROZON,AFPS - Association France Palestine Solidarité,Palestine,5000,209-05,Développement - Coopération multilatérale,2011
AN,CUVILLIER             (N), BOULOGNE ECHANGES INTERNATIONAUX,,10000,209-05,Développement - Coopération multilatérale,2011
AN,DE LA VERPILLIERE (N),Association Eau Soleil,,1000,209-02,Développement - Coopération bilatérale,2011
AN,DE RUGY                 (N),Association ARCADE,,4000,209-02,Développement - Coopération bilatérale,2011
AN,DECOOL                  (N),Solidajeunes,,1000,209-02,Développement - Coopération bilatérale,2011
AN,DEGAUCHY,Unboldair,,1000,209-02,Développement - Coopération bilatérale,2011
S,DEL PICCHIA,Lycée Jean Giono de Turin          ,Italie,29000,185-05,Diplomatie culturelle et d'influence - AEFE,2011
S,DEL PICCHIA,Alliance française de la Nouvelle-Orléans,Etats-Unis,8000,185-05,Diplomatie culturelle et d'influence - AEFE,2011
S,DEL PICCHIA,Alliance française de Dallas,Etats-Unis,5000,185-05,Diplomatie culturelle et d'influence - AEFE,2011
S,DEL PICCHIA,French American Charter School de New York        ,Etats-Unis,11000,185-05,Diplomatie culturelle et d'influence - AEFE,2011
S,DEL PICCHIA,Lycée français Charles de Gaulle d'Ankara             ,Turquie,10000,185-05,Diplomatie culturelle et d'influence - AEFE,2011
S,DEL PICCHIA,Association Al Amal ciné-club au Maroc,Maroc,3000,185-05,Diplomatie culturelle et d'influence - AEFE,2011
S,DEL PICCHIA,Association française du Renouveau d'Abidjan,Côte d'Ivoire,2000,151-01,Offre d'un service public de qualité aux Français à l'étranger,2011
S,DEL PICCHIA,Maison de retraite d'Antsirabe en Madagascar,Madagascar,17000,151-01,Offre d'un service public de qualité aux Français à l'étranger,2011
S,DEL PICCHIA,Association de bienfaisance de Tel Aviv,Israël,20000,151-01,Offre d'un service public de qualité aux Français à l'étranger,2011
AN,DESCOEUR,Song-Taaba-France-Cantal-Burkina                                                     ,Burkina Faso,2500,209-02,Développement - Coopération bilatérale,2011
AN,DESCOEUR,Collectif semaine solidarité internationale,,1100,209-02,Développement - Coopération bilatérale,2011
S,DESESSARD            (N),Afrique agri solaire,,4000,151-01,Offre d'un service public de qualité aux Français à l'étranger,2011
AN,DIARD                      (N),Terre des enfants,,3000,209-02,Développement - Coopération bilatérale,2011
AN,DIONIS DU SEJOUR,Naître au Cameroun,Cameroun,2000,209-02,Développement - Coopération bilatérale,2011
AN,DIONIS DU SEJOUR,Handicap Nord Sud,,2000,209-02,Développement - Coopération bilatérale,2011
S,DU LUART,Réseau des alliances françaises et médiathèque du Brésil ,Brésil,30000,185-02,Coopération culturelle et promotion du français,2011
S,DUMAS,AMISTAD   (reconstruction école à Cuba),Cuba,12000,151-01,Offre d'un service public de qualité aux Français à l'étranger,2011
AN,DUMONT                 (N),Association REAGIR - Agir Ensemble      ,,1000,209-05,Développement - Coopération multilatérale,2011
AN,DUMONT                 (N),Association Amitié Solidarité Tikhvine  MONASTERE EN RUSSIE ,Russie,1500,209-05,Développement - Coopération multilatérale,2011
S,DUPONT                  (N),"Association pour la francophonie de la bande de Gaza (domiciliée à Marseille)
MEDITERRANEE SOLIDARITE",Palestine,10000,185-02,Coopération culturelle et promotion du français,2011
AN,DUPUY       Présidente,Association ST2S@ctions,,2000,209-02,Développement - Coopération bilatérale,2011
AN,DURAND,UNICEF    ,,1000,209-05,Développement - Coopération multilatérale,2011
S,DUVERNOIS,ADIFLOR,,80000,185-02,Coopération culturelle et promotion du français,2011
S,DUVERNOIS,Fondation Albert Schweitzer                               ,Gabon,1500,185-05,Diplomatie culturelle et d'influence - AEFE,2011
S,DUVERNOIS,Ecole Charbonnages Gabon                                 ,Gabon,2000,185-05,Diplomatie culturelle et d'influence - AEFE,2011
S,DUVERNOIS,Cimetière de civils français à Boulbinet                   ,Guinée,1000,185-05,Diplomatie culturelle et d'influence - AEFE,2011
S,DUVERNOIS,Cimetière de civils français à Annaba -   ,Algérie,2000,185-05,Diplomatie culturelle et d'influence - AEFE,2011
S,DUVERNOIS,Ecole Paul Langevin - Côte d'Ivoire                                       ,Côte d'Ivoire,6000,185-05,Diplomatie culturelle et d'influence - AEFE,2011
S,DUVERNOIS,Petit Lotus Bleu - Chine   ,Chine,1500,185-05,Diplomatie culturelle et d'influence - AEFE,2011
S,DUVERNOIS,Shanghaï Young Bakers Chine                  ,Chine,1500,185-05,Diplomatie culturelle et d'influence - AEFE,2011
S,DUVERNOIS,Lycée français de Pondichéry                                        ,Inde,5000,185-05,Diplomatie culturelle et d'influence - AEFE,2011
S,DUVERNOIS,Société mutuelle créole - Pondichéry                      ,Inde,9000,185-05,Diplomatie culturelle et d'influence - AEFE,2011
S,DUVERNOIS,Centre francophone Quérétaro                             ,Mexique,2000,185-05,Diplomatie culturelle et d'influence - AEFE,2011
S,DUVERNOIS,Alliance française de Xelapa                               ,Mexique,2000,185-05,Diplomatie culturelle et d'influence - AEFE,2011
S,DUVERNOIS,Alliance française Haïti                                                         ,Haïti,3500,185-05,Diplomatie culturelle et d'influence - AEFE,2011
S,DUVERNOIS,Boston Ecole internationale                             ,Etats-Unis,4000,185-05,Diplomatie culturelle et d'influence - AEFE,2011
S,DUVERNOIS,Association EFGH - Houston (programme FLAM),Etats-Unis,4000,185-05,Diplomatie culturelle et d'influence - AEFE,2011
S,DUVERNOIS,Café Littéraire - (publication d'un livre)                 ,Danemark,2000,185-05,Diplomatie culturelle et d'influence - AEFE,2011
S,DUVERNOIS,Comité d'aide aux Français sinistrés de l'Aquila        ,Italie,3000,185-05,Diplomatie culturelle et d'influence - AEFE,2011
AN,ERHEL                    (N),Association Armor Goëlo Solidarité Taghrate    ,,3000,209-05,Développement - Coopération multilatérale,2011
AN,FAVENNEC,aide au développement de Boussé,Burkina Faso,1000,209-02,Développement - Coopération bilatérale,2011
AN,FAVENNEC,Trait d'Union,,1000,209-02,Développement - Coopération bilatérale,2011
S,FERRAND,Alliance française de Monte Cristi             ,Rép. Dominicaine,15000,185-05,Diplomatie culturelle et d'influence - AEFE,2011
S,FERRAND,Ecole française Jules Verne à Helsinki -                               ,Finlande,10000,185-05,Diplomatie culturelle et d'influence - AEFE,2011
S,FERRAND,Ecole française du Maine                                                 ,Etats-Unis,8500,185-05,Diplomatie culturelle et d'influence - AEFE,2011
S,FERRAND,Racines françaises au Mexique                      ,Mexique,16500,185-05,Diplomatie culturelle et d'influence - AEFE,2011
S,FERRAND,Société franco-allemande de Bayreuth                       ,Allemagne,3000,185-05,Diplomatie culturelle et d'influence - AEFE,2011
S,FERRAND,Terre de Talents - Projet d'avenir   ,,10000,185-05,Diplomatie culturelle et d'influence - AEFE,2011
S,FERRAND,Institut franco-allemand d'Erlangen                                                                        ,Allemagne,2000,185-05,Diplomatie culturelle et d'influence - AEFE,2011
S,FERRAND,Frenz School Inc. - Auckland                          ,Nouvelle Zélande,5000,185-05,Diplomatie culturelle et d'influence - AEFE,2011
S,FERRAND,Ecoles françaises de Melbourne                    ,Australie,5000,185-05,Diplomatie culturelle et d'influence - AEFE,2011
S,FERRAND,Foyer français du troisième âge à Santiago du Chili                       ,Chili,15000,151-01,Offre d'un service public de qualité aux Français à l'étranger,2011
S,FERRAND,Association française d'entaide du Cap              ,Afrique du Sud,5000,151-01,Offre d'un service public de qualité aux Français à l'étranger,2011
S,FERRAND,Société française de bienfaisance de Johannesbourg (SFBJ)        ,Afrique du Sud,5000,151-01,Offre d'un service public de qualité aux Français à l'étranger,2011
S,FERRAND,Centre Charles Péguy - Londres                                                ,Grande-Bretagne,15000,151-01,Offre d'un service public de qualité aux Français à l'étranger,2011
S,FERRAND,Association des familles franco-chinoises de Shanghai (AFFC)     ,Chine,5000,151-01,Offre d'un service public de qualité aux Français à l'étranger,2011
AN,FIORASO,Association FEMOCA,,1000,209-05,Développement - Coopération multilatérale,2011
AN,FOLLIOT,Aide au développement Sidobre-Bénin (ADESIBE),Bénin,1000,209-02,Développement - Coopération bilatérale,2011
AN,FORT                    (N),Association SITCH,,4000,209-02,Développement - Coopération bilatérale,2011
S,FOUCAUD,Les amis du Monde                                                     ,,1000,209-02,Développement - Coopération bilatérale,2011
S,FOUCAUD,Projet CISAL                                                                                  ,,5000,209-02,Développement - Coopération bilatérale,2011
S,FOUCAUD,Les Amis de Fort Dauphin                                                       ,,1000,209-02,Développement - Coopération bilatérale,2011
S,FRASSA,"Fondation ""La Voie Lactée""- ",Haïti,18000,185-02,Coopération culturelle et promotion du français,2011
S,FRASSA,"Ecole primaire ""Francoperuano"" du Callao (PEROU) -",Pérou,5000,185-02,Coopération culturelle et promotion du français,2011
S,FRASSA,Institut franco-japonais de Tokyo (JAPON) ,Japon,38000,185-02,Coopération culturelle et promotion du français,2011
S,FRASSA,Association des parents d'élèves du Kansai (JAPON) ,Japon,12000,185-02,Coopération culturelle et promotion du français,2011
S,FRASSA,Clinique de Gamkalley à Niamey (NIGER) ,Niger,8000,185-02,Coopération culturelle et promotion du français,2011
S,FRASSA,"Lycée français de Madrid   projet ""femmes de la Méditerranée"") -     ",Espagne,19000,185-02,Coopération culturelle et promotion du français,2011
S,FRASSA,Lycée français Victor Hugo de Francfort,Allemagne,10000,185-02,Coopération culturelle et promotion du français,2011
S,GARRIAUD MAYLAM,Centre Estel (Association de bienfaisance à Dakar) ,Sénégal,5000,151-01,Offre d'un service public de qualité aux Français à l'étranger,2011
S,GARRIAUD MAYLAM,UFE Mexique,Mexique,12000,151-01,Offre d'un service public de qualité aux Français à l'étranger,2011
S,GARRIAUD MAYLAM,Société française de bienfaisance 14 de Julho,Brésil,3000,151-01,Offre d'un service public de qualité aux Français à l'étranger,2011
S,GARRIAUD MAYLAM,Collège Voltaire à Berlin,Allemagne,15100,185-02,Coopération culturelle et promotion du français,2011
S,GARRIAUD MAYLAM,Ecole Jules Verne à Helsinki,Finlande,4400,185-02,Coopération culturelle et promotion du français,2011
S,GARRIAUD MAYLAM,Lycée Nahr Ibrahim               ,Liban,20000,185-02,Coopération culturelle et promotion du français,2011
S,GARRIAUD MAYLAM,Ecole Saint-Exupéry de Saint-Louis,Sénégal,8300,185-02,Coopération culturelle et promotion du français,2011
S,GARRIAUD MAYLAM,Institut culturel français à Dakar,Sénégal,10000,185-02,Coopération culturelle et promotion du français,2011
S,GARRIAUD MAYLAM,Lycée Gustave Flaubert de la Marsa ,Tunisie,37200,185-02,Coopération culturelle et promotion du français,2011
S,GARRIAUD MAYLAM,Alliances françaises du Chili,Chili,10000,185-02,Coopération culturelle et promotion du français,2011
AN,GAUBERT,Association ARMOR MEKONG,,5000,209-05,Développement - Coopération multilatérale,2011
AN,GEOFFROY            (N),Rotary Club de Mormant centre Brie,,2000,209-02,Développement - Coopération bilatérale,2011
AN,GISCARD D'ESTAING L.,"Comité catholique contre la faim et pour le développement  CCFD-Terre solidaire
  ",,1000,209-02,Développement - Coopération bilatérale,2011
AN,GISCARD D'ESTAING L.,UNMFREO,,1750,209-02,Développement - Coopération bilatérale,2011
AN,GISCARD D'ESTAING L.,ARCADE -CHAMALIERES  Appui aux activités,,2000,209-02,Développement - Coopération bilatérale,2011
AN,GISCARD D'ESTAING L.,AUNOCADEV Appui aux activités,,1000,209-02,Développement - Coopération bilatérale,2011
AN,GISCARD D'ESTAING V.,Institut pour la Démocratie en Europe,,100000,105-02,Action européenne,2011
AN,GIULIANI,Fondation Robert Schuman,,100000,105-02,Action européenne,2011
AN,GONNOT                (N),Association l'Homme par l'Homme pour l'Homme,,10000,209-02,Développement - Coopération bilatérale,2011
AN,GOSSELIN,Les enfants du Soleil,,1000,209-02,Développement - Coopération bilatérale,2011
AN,GOUJON                 (N),Aurore,,1500,209-02,Développement - Coopération bilatérale,2011
AN,GRALL                   (N),Association coopération solidarité internationale 56,,4500,209-02,Développement - Coopération bilatérale,2011
AN,GROMMERCH        (N),Boubacar Narcisse,,1000,209-02,Développement - Coopération bilatérale,2011
AN,GROSPERRIN          (N),4L du soleil,,1000,209-02,Développement - Coopération bilatérale,2011
AN,GROSPERRIN          (N),Association du Riz pour Apprendre,,3000,209-02,Développement - Coopération bilatérale,2011
AN,GROSPERRIN          (N),Course autour du monde,,2000,209-02,Développement - Coopération bilatérale,2011
AN,GUEGOT                 (N),Les Enfants du saloum,Sénégal,2000,209-02,Développement - Coopération bilatérale,2011
S,GUERRY,Lycée français de Saint-Exupéry de Brazzaville,Congo,6000,185-05,Diplomatie culturelle et d'influence - AEFE,2011
S,GUERRY,"Association ""Provinces de France au Maroc"" - CASABLANCE -",Maroc,20000,151-01,Offre d'un service public de qualité aux Français à l'étranger,2011
S,GUERRY,ONG Gandeepam - ,Inde,15000,151-01,Offre d'un service public de qualité aux Français à l'étranger,2011
S,GUERRY,Fondation mondiale recherche Sida - ASSOCIATION DE LUC MONTAGNIER ,,48000,151-01,Offre d'un service public de qualité aux Français à l'étranger,2011
AN,GUILLOTEAU,Bénin Découvertes pour la coopération et le développement,Bénin,1000,209-02,Développement - Coopération bilatérale,2011
AN,HAVARD,FOJEP,,1000,209-02,Développement - Coopération bilatérale,2011
AN,HAVARD,France HUMANITAIRE,France,5000,209-02,Développement - Coopération bilatérale,2011
AN,HAVARD,A.S.F. Amour Sans Frontière,,2000,209-02,Développement - Coopération bilatérale,2011
AN,HOSTALIER          (N),Les Amis de Béthanie                                                                   ,Tchad,5000,209-02,Développement - Coopération bilatérale,2011
AN,HOSTALIER          (N),Association Terre d'Errance Steenvoorde,France,2000,209-02,Développement - Coopération bilatérale,2011
AN,HOUSSIN               (N),Marquette Solidarité,,1000,209-02,Développement - Coopération bilatérale,2011
AN,HUE               Prés. ,Fondation Gabriel Péri,,160000,185-04,Diplomatie culturelle et d'influence - Attractivité et recherche,2011
AN,HUYGHE                (N),Habourdin Humanitaire et Solidaire,,1000,209-02,Développement - Coopération bilatérale,2011
AN,IRLES                     (N),Epitropica,Equateur,1000,209-02,Développement - Coopération bilatérale,2011
AN,IRLES                     (N),Comité départemental coopération décentralisé     (CDCD)    ,,1000,209-02,Développement - Coopération bilatérale,2011
AN,ISSINDOU               (N),Association Trièves-Palestine,Accueil  étudiant palestinien,3500,185-02,Coopération culturelle et promotion du français,2011
AN,ISSINDOU               (N),"Association ""les Gazelles dauphinoises""",,2500,209-05,Développement - Coopération multilatérale,2011
AN,ISSINDOU               (N),Association Tilita-Solidarité,,1000,209-05,Développement - Coopération multilatérale,2011
AN,JARDÉ,Ambulances sans frontière,,5000,209-05,Développement - Coopération multilatérale,2011
AN,JOSSELIN ,Cités Unies France,,50000,209-02,Développement - Coopération bilatérale,2011
S,KAMMERMANN,Société de bienfaisance de Montevideo        ,Uruguay,3500,151-01,Offre d'un service public de qualité aux Français à l'étranger,2011
S,KAMMERMANN,Projet de création de l'Institut français de Bilbao,Espagne,20000,151-01,Offre d'un service public de qualité aux Français à l'étranger,2011
S,KAMMERMANN,"Association ""Avenir Positif"" de Pointe-Noire ",Congo,3000,151-01,Offre d'un service public de qualité aux Français à l'étranger,2011
S,KAMMERMANN,Lycée français Blaise Pascal de Lubumbashi -,Congo RD,10000,151-01,Offre d'un service public de qualité aux Français à l'étranger,2011
S,KAMMERMANN,Lycée Charles de Gaulle de Concepcion (Chili),Chili,33000,185-02,Coopération culturelle et promotion du français,2011
S,KAMMERMANN,Collège franco-argentin de Martinez de Buenos Aires,Argentine,16000,185-02,Coopération culturelle et promotion du français,2011
S,KAMMERMANN,Lycée français René Descartes de Kinshasa- ,Congo RD,9750,185-02,Coopération culturelle et promotion du français,2011
S,KAMMERMANN,Lycée Charlemagne de Pointe-Noire ,Congo,9750,185-02,Coopération culturelle et promotion du français,2011
S,KERDRAON            (N),Armor Goëlo SOLIDARITE TAGHRATE ,,1500,185-05,Diplomatie culturelle et d'influence - AEFE,2011
AN,KERT,Droujba Tchernobyl France,Ukraine,6000,209-02,Développement - Coopération bilatérale,2011
S,KHIARI,France terre d'asile ,,20000,151-01,Offre d'un service public de qualité aux Français à l'étranger,2011
AN,LACHAUD,Electriciens Sans Frontières,,2000,209-02,Développement - Coopération bilatérale,2011
AN,LAGARDE               (N),Association aide médicale au Congo,Congo,2000,209-02,Développement - Coopération bilatérale,2011
AN,LAMBLIN                (N),Comité catholique contre la faim et pour le développement  CCFD,,2500,209-02,Développement - Coopération bilatérale,2011
AN,LAMBLIN                (N),Les Enfants des 1001 collines,,2500,209-02,Développement - Coopération bilatérale,2011
AN,LAMOUR                (N),Vivre à Bossomnoré                 ,Burkina Faso,1000,209-02,Développement - Coopération bilatérale,2011
AN,LAMY,"Association ""Colibris d'ici et d'ailleurs""",,2300,209-05,Développement - Coopération multilatérale,2011
S,LARCHER,Association des sœurs des saints cœurs                 ,Liban,10000,185-02,Coopération culturelle et promotion du français,2011
AN,LASBORDES,CAP FQ           COMITE D'ACTION POLITIQUE FRANCO-QUEBECOIS,Canada,7000,185-02,Coopération culturelle et promotion du français,2011
AN,LASBORDES,Eduquamada   ,Madagascar,3000,209-02,Développement - Coopération bilatérale,2011
AN,LAZARO,Association 4 L'ille-Phalempin,,1500,209-02,Développement - Coopération bilatérale,2011
AN,LAZARO,Les Ptits Lous du Rwanda,,1500,209-02,Développement - Coopération bilatérale,2011
AN,LAZARO,Les L du désert,,3000,209-02,Développement - Coopération bilatérale,2011
AN,LEFRAND,Epanouissement                                      ,,1500,209-02,Développement - Coopération bilatérale,2011
S,LEPAGE,Ecole Françoise Dolto de Majunga  ,Madagascar,35000,185-05,Diplomatie culturelle et d'influence - AEFE,2011
S,LEPAGE,Ecole française de Sarrebrück et Dilling        ,Allemagne,25000,185-05,Diplomatie culturelle et d'influence - AEFE,2011
S,LEPAGE,Fondation de l'école française Erevan Nar-Doss     ,Arménie,20000,185-05,Diplomatie culturelle et d'influence - AEFE,2011
S,LEPAGE,"Foyer résidence pour personnes agées 
Saint Louis des Français - Madrid  ",Espagne,20000,185-05,Diplomatie culturelle et d'influence - AEFE,2011
AN,LEQUILLER,Maison de l'Europe des Yvelines       ,,5000,105-02,Action européenne,2011
AN,LEVY,CEW France                 COSMETIC EXECUTIVE WOMEN      ASSOC 1901,,2000,209-02,Développement - Coopération bilatérale,2011
AN,MALHERBE            (N),Les Amis d'Antsirabé,Madagascar,2000,209-02,Développement - Coopération bilatérale,2011
AN,MALHERBE            (N),Vision du Monde               ,,1000,209-02,Développement - Coopération bilatérale,2011
AN,MALLIÉ,Garlaban Togo,Togo,1500,209-02,Développement - Coopération bilatérale,2011
AN,MARC,Human Ifrass         PARTICIPER AU 4L TROPHY 2011,,1000,209-02,Développement - Coopération bilatérale,2011
AN,MARIANI                 (N),Association ACTED    AGENCY FOR TECHNICAL COOPERATION AND DEVELOPMENT                                 ASSOC.    1901,,5000,209-02,Développement - Coopération bilatérale,2011
S,MARINI,"Association AOURAS  «SOCIETE D’ETUDES ET DE RECHERCHES SUR L’AURES ANTIQUE, AOURAS»               ASSOC. 1901",,5000,185-02,Coopération culturelle et promotion du français,2011
S,MARINI,Association Terres d'Orient,,20000,185-02,Coopération culturelle et promotion du français,2011
S,MARINI,Monastère Saint-Hilarion,,15000,185-02,Coopération culturelle et promotion du français,2011
S,MARINI,Monastère Saint-Jacques l'Intercis - MONASTERE ST JACQUES LE MUTILE,,10000,185-02,Coopération culturelle et promotion du français,2011
S,MARINI,Centre de recherche sur la Libye antique,,35000,185-02,Coopération culturelle et promotion du français,2011
S,MARINI,Association Oise Elblag MALBORK             présidence Marini,,4000,185-02,Coopération culturelle et promotion du français,2011
S,MARINI,Ecole biblique de Jérusalem,,20000,185-05,Diplomatie culturelle et d'influence - AEFE,2011
S,MARINI,ONG Al Makan Art Association           ONG DE DROIT SYRIEN,,5000,151-01,Offre d'un service public de qualité aux Français à l'étranger,2011
AN,MARLAND-MILITELLO (N),Rotary Club Nice Maeterlinck,,5000,209-02,Développement - Coopération bilatérale,2011
AN,MAUROY,Fondation Jean Jaurès,,185000,185-04,Diplomatie culturelle et d'influence - Attractivité et recherche,2011
AN,MEHAIGNERIE          (N),Association Loire-Eaudyssée,Madagascar,10000,209-02,Développement - Coopération bilatérale,2011
AN,MONTCHAMP,Fonds Arménien de France,,1000,209-02,Développement - Coopération bilatérale,2011
AN,MORANGE                (N),Chavalos de Managua,,5000,209-02,Développement - Coopération bilatérale,2011
AN,MORANGE                (N),AIDASA,,7000,209-02,Développement - Coopération bilatérale,2011
AN,MOREL-A-L'HUISSIER,"Kiwanis Club Mende ""Les Sources""",,2000,209-02,Développement - Coopération bilatérale,2011
AN,MOREL-A-L'HUISSIER,ALTINE,,1000,209-02,Développement - Coopération bilatérale,2011
AN,MOYNE-BRESSAND  (N),"Les 2 ""Elles"" SandSable",,1000,209-02,Développement - Coopération bilatérale,2011
AN,MUET,Lycée Martin Luther King - Foyer socio-éducatif                          ,,3000,209-05,Développement - Coopération multilatérale,2011
AN,MUSELIER,Amicale des Oraniens ,,1500,209-02,Développement - Coopération bilatérale,2011
AN,MUSELIER,Enfants du Monde                           ASSOC. LOI 1901,,1500,209-02,Développement - Coopération bilatérale,2011
AN,OGET                      (N),Association Ede Timoun YO,,2000,209-05,Développement - Coopération multilatérale,2011
AN,PANCHER               (N),Association Réagir : Agir ensemble de Pagny-sur Meuse ,,2000,209-02,Développement - Coopération bilatérale,2011
AN,PERRUCHOT           (N),Association d'Aide aux Victimes d'Alhoceima     ,Maroc,2000,209-02,Développement - Coopération bilatérale,2011
AN,PERRUCHOT           (N),Association Franco-Marocaine                                    ,,10000,209-02,Développement - Coopération bilatérale,2011
S,PIRAS                     (N),Comité de jumelage Arménie      ASSOC LOI 1901,Arménie,10000,185-02,Coopération culturelle et promotion du français,2011
AN,PLAGNOL,Moldavenir                                              ,,3000,209-02,Développement - Coopération bilatérale,2011
AN,PONIATOWSKI        (N),Ebisol                                               ASSOC. LOI 1901,,1000,209-02,Développement - Coopération bilatérale,2011
AN,PONIATOWSKI        (N),Action pour Enfants Oubliés d'Eragny-sur Oise,,1000,209-02,Développement - Coopération bilatérale,2011
AN,POURSINOFF           (N),Association ACTION MOPTI,,4000,209-02,Développement - Coopération bilatérale,2011
AN,POURSINOFF           (N),Association SANGWA,,2000,209-02,Développement - Coopération bilatérale,2011
AN,RAIMBOURG           (N),Association Les Amis de Diawar,,2000,209-05,Développement - Coopération multilatérale,2011
AN,REMILLER,APRESS,,5000,209-02,Développement - Coopération bilatérale,2011
AN,REMILLER,OGEC St Jacques,FRANCE,3000,209-02,Développement - Coopération bilatérale,2011
AN,RENUCCI                 (N),Association Per a Pace,,7000,209-05,Développement - Coopération multilatérale,2011
AN,RICHARD                (N),Rotary Club Verneuil,,3000,209-02,Développement - Coopération bilatérale,2011
S,RICHERT,Association Humanis,,15000,151-01,Offre d'un service public de qualité aux Français à l'étranger,2011
AN,ROCHEBLOINE,Association Action Fitiavana,,1500,209-02,Développement - Coopération bilatérale,2011
AN,ROCHEBLOINE,Association Jeunesse Solide NIKIEMA,,2000,209-02,Développement - Coopération bilatérale,2011
AN,ROCHEBLOINE,Association Afghanistan-Demain,Afghanistan,3000,209-02,Développement - Coopération bilatérale,2011
AN,ROCHEBLOINE,Association Les enfants Avant Tout,,26000,209-02,Développement - Coopération bilatérale,2011
AN,ROCHEBLOINE,Association Da Connexion ,,8000,209-02,Développement - Coopération bilatérale,2011
AN,ROCHEBLOINE,Rhône-Arménie Formation echanges,Arménie,10000,209-02,Développement - Coopération bilatérale,2011
AN,ROCHEBLOINE,Radio Arménie,Arménie,5000,209-02,Développement - Coopération bilatérale,2011
AN,ROCHEBLOINE,Solidarité Protestante France-Arménie - SPFA ,Arménie,85500,209-02,Développement - Coopération bilatérale,2011
AN,ROSSO-DEBORD     (N),Association CCFD Terre Solidaire    ,,2000,209-02,Développement - Coopération bilatérale,2011
AN,SAPIN                      (N)             ,Association Réflexe et Partage,,1000,209-05,Développement - Coopération multilatérale,2011
AN,SCHNEIDER              (N),Melting Pot development,Cameroun,7000,209-02,Développement - Coopération bilatérale,2011
AN,SORDI                      (N),"Kraing Speu - L'eau, un enjeu vital",Cambodge,3000,209-02,Développement - Coopération bilatérale,2011
AN,SUDARSKIS             (N),INTA,,10000,185-04,Diplomatie culturelle et d'influence - Attractivité et recherche,2011
AN,TABAROT,Amphore International,Quatre pays,1000,209-02,Développement - Coopération bilatérale,2011
AN,TABAROT,Association Action Enfance Cambodge ,Cambodge,1000,209-02,Développement - Coopération bilatérale,2011
AN,TABAROT,Terre d'Azur,,1000,209-02,Développement - Coopération bilatérale,2011
AN,TERROT,CAPDA,,12000,209-02,Développement - Coopération bilatérale,2011
AN,TERROT,Amis Luala,RD Congo,3000,209-02,Développement - Coopération bilatérale,2011
S,TEULADE               (N),L'école de la vie de Madagascar   ENFANTS DES RUES,Madagascar,1000,151-01,Offre d'un service public de qualité aux Français à l'étranger,2011
AN,TIBERI                    (N),Association les œuvres hospitalières françaises de l'ordre de Malte,,3000,209-02,Développement - Coopération bilatérale,2011
AN,TIBERI                    (N),Comité Tiers-Monde Sourd,,3000,209-02,Développement - Coopération bilatérale,2011
AN,VAMPA,Association Mouvement Rural de la Jeunesse Chrétienne (MRJC),,1000,209-02,Développement - Coopération bilatérale,2011
AN,VAMPA,Association Normande du Geste pour l'Education (l'ANGE),,2000,209-02,Développement - Coopération bilatérale,2011
AN,VANNSON              (N),Délégation départementale des Vosges de l'association AGIRabcd,,1500,209-02,Développement - Coopération bilatérale,2011
AN,VANNSON              (N),Les Amis de Yorola Solidarité entre la France et le Mali,Mali,5000,209-02,Développement - Coopération bilatérale,2011
AN,VERCHERE             (N),Compagnons du Burkina,Burkina Faso,5000,209-02,Développement - Coopération bilatérale,2011
S,VIAL                       (N),Institut français du Proche-Orient (IFPO),,10000,209-02,Développement - Coopération bilatérale,2011
S,VIAL                       (N),Mission archéologique Ras Shamra Ougarit,,5000,209-02,Développement - Coopération bilatérale,2011
S,VIAL                       (N),Société d'études syriaques,,5000,209-02,Développement - Coopération bilatérale,2011
AN,WARSMANN,Burkin'Ardenn'Avenir,Burkina Faso,1200,209-02,Développement - Coopération bilatérale,2011
AN,WARSMANN,Les Enfants d'Allada  ,,1000,209-02,Développement - Coopération bilatérale,2011
S,YUNG,Alliance française du Brésil ,Brésil,5000,185-02,Coopération culturelle et promotion du français,2011
S,YUNG,Ecole Anne de Kiev   ,Ukraine,10000,185-05,Diplomatie culturelle et d'influence - AEFE,2011
S,YUNG,Ecole française de Karikal       ,Inde,5000,185-05,Diplomatie culturelle et d'influence - AEFE,2011
S,YUNG,Clinique de Gamkalley à Niamey (NIGER) -           ,Niger,15000,151-01,Offre d'un service public de qualité aux Français à l'étranger,2011
S,YUNG,Acid Survivors Foundation - Islamabad    ,Pakistan,10000,151-01,Offre d'un service public de qualité aux Français à l'étranger,2011
S,YUNG,"Association ""Enfants français de Madagascar""  ",Madagascar,15000,151-01,Offre d'un service public de qualité aux Français à l'étranger,2011
S,YUNG,Centre de formation Sabatisso de Bamako    ,Mali,12000,151-01,Offre d'un service public de qualité aux Français à l'étranger,2011
S,YUNG,Lycée Jean Giono de Turin    ,Italie,5000,151-01,Offre d'un service public de qualité aux Français à l'étranger,2011
AN,ACCOYER,Lycée franco-japonais de takinogawa,Japon,10000,185-05,Diplomatie culturelle et d'influence - AEFE,2012
AN,ACCOYER,Echanges Sahel,,10000,209-02,Développement - Coopération bilatérale,2012
AN,AESCHLIMANN,Rotary Club d'Asnières,,1000,209-02,Développement - Coopération bilatérale,2012
AN,AUBERT,AGIR ABCD pour la Mauritanie,,10000,209-02,Développement - Coopération bilatérale,2012
AN,AURILLAC,Les Amis de bassiata,,4000,209-02,Développement - Coopération bilatérale,2012
AN,AURILLAC,Les mains ouvertes,,25000,209-02,Développement - Coopération bilatérale,2012
AN,BAGUET,Les Amis d'Egypte,,5000,209-02,Développement - Coopération bilatérale,2012
S,BAYLET,L'association San Filippo Sud,,3000,151-01,Offre d'un service public de qualité aux Français à l'étranger,2012
S,BEL,Citées Unies,,20000,185-02,Coopération culturelle et promotion du français,2012
S,BEL,Institut Français du Proche Orient,,20000,185-02,Coopération culturelle et promotion du français,2012
S,BEL,Action contre la faim,,50000,209-02,Développement - Coopération bilatérale,2012
S,BEL,Bibliothèque sans frontière,,50000,209-02,Développement - Coopération bilatérale,2012
S,BEL,Care France,,50000,209-02,Développement - Coopération bilatérale,2012
S,BEL,Forum mondial de la langue française,canada,20000,209-02,Développement - Coopération bilatérale,2012
AN,BESSE,Association Solidarité vendée-Sénégal,,5000,209-02,Développement - Coopération bilatérale,2012
AN,BIGNON,Les experts du désert,,1000,209-02,Développement - Coopération bilatérale,2012
S,BILLOUT,Initiatives France/Hongrie,,15000,185-02,Coopération culturelle et promotion du français,2012
AN,BLUM,Horizon Arménie,,2000,209-02,Développement - Coopération bilatérale,2012
AN,BODIN,Chirurgie solidaire CS,,5000,209-08,Développement - Support,2012
S,BOTREL,Tregor solidarité Niger,,5000,151-01,Offre d'un service public de qualité aux Français à l'étranger,2012
AN,BRANGET,4L Trophy,,1000,209-02,Développement - Coopération bilatérale,2012
AN,BRARD,Association française d'appui au développement de la Région du Kayes (AFAK),,91000,209-02,Développement - Coopération bilatérale,2012
AN,BRUNEL,ARCADES,,3000,209-02,Développement - Coopération bilatérale,2012
AN,CAHUZAC,ATEFAT Haïti,,1000,209-05,Développement - Coopération multilatérale,2012
S,CANTEGRIT,Ecole Jules Verne à Helsinki,Finlande,7000,185-05,Diplomatie culturelle et d'influence - AEFE,2012
S,CANTEGRIT,Lycée français St-Louis de Stockholm,Suède,7000,185-05,Diplomatie culturelle et d'influence - AEFE,2012
S,CANTEGRIT,Lycée Maurice Delafosse Abidjan,Cote d'Ivoire,10000,185-05,Diplomatie culturelle et d'influence - AEFE,2012
S,CANTEGRIT,Ecole française de Natal Rio de Janeiro,Brésil,5000,185-05,Diplomatie culturelle et d'influence - AEFE,2012
S,CANTEGRIT,Associationdes Ecoles à programme bilingues - FIPA Miami,Etats-Unis,10000,185-05,Diplomatie culturelle et d'influence - AEFE,2012
S,CANTEGRIT,Nouvelle école française à Cascais,Portugal,10000,185-05,Diplomatie culturelle et d'influence - AEFE,2012
S,CANTEGRIT,Sté bienfaisance du 14 juillet Sao Paulo,Brésil,5000,151-01,Offre d'un service public de qualité aux Français à l'étranger,2012
S,CANTEGRIT,Fondation d'Entraide des Français en Argentine,Argentine,10000,151-01,Offre d'un service public de qualité aux Français à l'étranger,2012
S,CANTEGRIT,"Association Française de Solidarité de Munich, ASAIPA/BAYERNE",Allemagne,5000,151-01,Offre d'un service public de qualité aux Français à l'étranger,2012
S,CANTEGRIT,Association d'Entraide Médicale des Français du Cameroun - AEMFC,Cameroun,5000,151-01,Offre d'un service public de qualité aux Français à l'étranger,2012
S,CANTEGRIT,Club franco-allemand Région Nuremberg,Allemagne,3000,151-01,Offre d'un service public de qualité aux Français à l'étranger,2012
S,CANTEGRIT,Union des français de Franconie,Allemagne,3000,151-01,Offre d'un service public de qualité aux Français à l'étranger,2012
S,CANTEGRIT,Alliance Française de Vancouver,canada,10000,151-01,Offre d'un service public de qualité aux Français à l'étranger,2012
AN,CARAYON,Association Les Enfants de Tanamaza,,1000,209-02,Développement - Coopération bilatérale,2012
AN,CARREZ,Diverses associations,,2500,209-02,Développement - Coopération bilatérale,2012
AN,CHEVENEMENT,Fondation res Publica,,40000,185-04,Diplomatie culturelle et d'influence - Attractivité et recherche,2012
S,CHEVENEMENT,Association France-Algérie,,10000,185-02,Coopération culturelle et promotion du français,2012
AN,CHRIST,Comité Catholique Contre la Faim et pour le Développement,,3000,209-02,Développement - Coopération bilatérale,2012
AN,CINIERI,Guadeloupe42,,1000,209-02,Développement - Coopération bilatérale,2012
AN,CINIERI,Rotary club de Firminy,,1000,209-02,Développement - Coopération bilatérale,2012
S,COINTAT,Alliance française de San José,Costa-Rica,20000,185-02,Coopération culturelle et promotion du français,2012
S,COINTAT,Alliance française de Vanuatu,Vanuatu,10000,185-02,Coopération culturelle et promotion du français,2012
S,COINTAT,Lycée Tamatave,Madagascar,35000,185-02,Coopération culturelle et promotion du français,2012
S,COINTAT,Association française de bienfaisance du Vanuatu,Vanuatu,14000,185-02,Coopération culturelle et promotion du français,2012
S,COINTAT,Association cimetières de Fez,Maroc,21000,151-01,Offre d'un service public de qualité aux Français à l'étranger,2012
AN,COLOT,Solidarité Roumanie,,5000,209-02,Développement - Coopération bilatérale,2012
S,CONWAY-MOURET,Alliance française de San José,Costa-Rica,20000,185-05,Diplomatie culturelle et d'influence - AEFE,2012
S,CONWAY-MOURET,Lycée française d'Irlande,Irlande ,20000,185-05,Diplomatie culturelle et d'influence - AEFE,2012
S,CONWAY-MOURET,Lycée Français de Djibouti,Djibouti,12440,185-05,Diplomatie culturelle et d'influence - AEFE,2012
S,CONWAY-MOURET,Institut de Recherche et d'études Méditérranée Moyen-Orient (IRRéMo),,16000,185-05,Diplomatie culturelle et d'influence - AEFE,2012
S,CONWAY-MOURET,"EFBA Education Française de la"" Bay Area""",San Francisco,5000,185-05,Diplomatie culturelle et d'influence - AEFE,2012
S,CONWAY-MOURET,Fondation Voie Lactée :Bouquinerie Aux trois Dumas,Haiti,15905,185-05,Diplomatie culturelle et d'influence - AEFE,2012
S,CONWAY-MOURET,Bénévoles sans frontières,Maroc,5000,185-05,Diplomatie culturelle et d'influence - AEFE,2012
S,CONWAY-MOURET,Diverses associations,,25655,185-05,Diplomatie culturelle et d'influence - AEFE,2012
AN,COPE,Moldavenir,Moldavie,8000,209-02,Développement - Coopération bilatérale,2012
AN,COURTIAL,Rotary club de Clermont de l'Oise,,2000,209-02,Développement - Coopération bilatérale,2012
AN,COUSIN,L'Abeille de la Solidarité,,2000,209-02,Développement - Coopération bilatérale,2012
AN,COUSIN,Les Amis de la reine de Miséricorde,,7000,209-02,Développement - Coopération bilatérale,2012
AN,CROZON,Le triangle humanitaire,,10000,209-05,Développement - Coopération multilatérale,2012
AN,CROZON,Solidarité contre le Sida eb Centrafrique,,2500,209-05,Développement - Coopération multilatérale,2012
AN,DAUBRESSE,Alpabet de l'Amour,,1000,209-02,Développement - Coopération bilatérale,2012
AN,DAUBRESSE,Angata - Lambersart,,1000,209-02,Développement - Coopération bilatérale,2012
AN,DAUBRESSE,FASO Sourire,,1000,209-02,Développement - Coopération bilatérale,2012
AN,DAUBRESSE,Haïti 2010,,1000,209-02,Développement - Coopération bilatérale,2012
AN,DAUBRESSE,Lueur d'orient,,1000,209-02,Développement - Coopération bilatérale,2012
AN,DAUBRESSE,Solidarité Partage sans Frontière,,1000,209-02,Développement - Coopération bilatérale,2012
AN,D'ETTORE,Electriciens sans frontières,,3000,209-02,Développement - Coopération bilatérale,2012
AN,DE RUGY,Association Pédiatres du monde,,1000,209-02,Développement - Coopération bilatérale,2012
AN,DE RUGY,Association Senankunya,,3000,209-02,Développement - Coopération bilatérale,2012
AN,DE LA VERPILLIERE,Eau Soleil,,1000,209-02,Développement - Coopération bilatérale,2012
AN,DEGAUCHY,4L Trophy,,1000,209-02,Développement - Coopération bilatérale,2012
AN,DEGAUCHY,E.F.N.E.S - échange franco-nigérien,Nigéria,1000,209-02,Développement - Coopération bilatérale,2012
S,DEL PICCHIA,Lycée français de Vienne,Autriche,30000,185-05,Diplomatie culturelle et d'influence - AEFE,2012
S,DEL PICCHIA,Ecole francophone internationale de Varna,Bulgarie,30000,185-05,Diplomatie culturelle et d'influence - AEFE,2012
S,DEL PICCHIA,Ecole française Paul-Gaugin,Panama,15000,185-05,Diplomatie culturelle et d'influence - AEFE,2012
S,DEL PICCHIA,"Association ""Parlons français Dallas/Fort Worth""",Etats-Unis,8000,185-05,Diplomatie culturelle et d'influence - AEFE,2012
S,DEL PICCHIA,Alliance française d'Andorre,Andorre,5000,185-05,Diplomatie culturelle et d'influence - AEFE,2012
S,DEL PICCHIA,"association ""Athena e. V, gérant ""emploi-Allemagne""",Allemagne,13000,151-01,Offre d'un service public de qualité aux Français à l'étranger,2012
S,DEL PICCHIA,Maison de retraite d'Antsirabé,Madagascar,10000,151-01,Offre d'un service public de qualité aux Français à l'étranger,2012
S,DEL PICCHIA,Ecole française Henri Matisse à Moroni,Les Comores,10000,151-01,Offre d'un service public de qualité aux Français à l'étranger,2012
S,DEL PICCHIA,"Communauté française du Maroc""",Maroc,10000,151-01,Offre d'un service public de qualité aux Français à l'étranger,2012
S,DEL PICCHIA,"association de bienfaisance de tel-Aviv et sa région, ABTAR",Israël,10000,151-01,Offre d'un service public de qualité aux Français à l'étranger,2012
S,DEMONTES,Actions solidaires de développement,,6000,151-01,Offre d'un service public de qualité aux Français à l'étranger,2012
S,DEMONTES,CIMADE,,20000,151-01,Offre d'un service public de qualité aux Français à l'étranger,2012
AN,DESCOEUR,Association Cantal au Cœur de l'Afrique,,1500,209-02,Développement - Coopération bilatérale,2012
AN,DIARD,Amis provençaux de la langue française,,1000,209-02,Développement - Coopération bilatérale,2012
AN,DIARD,Angels Lives,,1500,209-02,Développement - Coopération bilatérale,2012
AN,DIARD,terre des enfants de Madagascar,,1500,209-02,Développement - Coopération bilatérale,2012
AN,DIONIS du SEJOUR,Burkina TH,,2500,209-02,Développement - Coopération bilatérale,2012
S,DULAIT,Musée Afrasyab de Samarcande,Ouzbékistan,5000,185-02,Coopération culturelle et promotion du français,2012
AN,DUMOULIN,Association pour le Développement de Ourossogui,,1500,209-02,Développement - Coopération bilatérale,2012
AN,DUMOULIN,Mosaïque Solidaire,,1000,209-02,Développement - Coopération bilatérale,2012
AN,DUMOULIN,Solid'Afrique,,1000,209-02,Développement - Coopération bilatérale,2012
AN,DUPONT,CCFD,,1000,209-02,Développement - Coopération bilatérale,2012
AN,DURAND,Association Burkinasol,,1500,209-02,Développement - Coopération bilatérale,2012
S,DUVERNOIS,ADIFLOR,,95000,185-02,Coopération culturelle et promotion du français,2012
S,DUVERNOIS,Alliance français de Brisbane reconstruction bibliothèque,Australie,12000,185-05,Diplomatie culturelle et d'influence - AEFE,2012
S,DUVERNOIS,Institut Français du Royaume-Uni,Royaume-Uni,8000,185-05,Diplomatie culturelle et d'influence - AEFE,2012
S,DUVERNOIS,Ecole Jules Verne Helsinki,Finlande,5000,185-05,Diplomatie culturelle et d'influence - AEFE,2012
S,DUVERNOIS,Renforcement du partenariat avec les collèges d'excellence,Chili,8000,185-05,Diplomatie culturelle et d'influence - AEFE,2012
S,DUVERNOIS,Association FLAM Qingdao,Chine,2000,185-05,Diplomatie culturelle et d'influence - AEFE,2012
AN,ERHEL,Association Solidarité Goëlo-Burkina,,1500,209-05,Développement - Coopération multilatérale,2012
S,FERRAND A,Association franco-allemende de Ratisbone,Allemagne,3000,185-05,Diplomatie culturelle et d'influence - AEFE,2012
S,FERRAND A,Alliance Française,Costa-Rica,10000,185-05,Diplomatie culturelle et d'influence - AEFE,2012
S,FERRAND A,Lycée Français de Tamatave ,Madagascar,10000,185-05,Diplomatie culturelle et d'influence - AEFE,2012
S,FERRAND A,Lycée Denis Diderot de Nairobi,Kenya,15000,185-05,Diplomatie culturelle et d'influence - AEFE,2012
S,FERRAND A,Alliance française de Canberra,Australie,12000,185-05,Diplomatie culturelle et d'influence - AEFE,2012
S,FERRAND A,Alliance française de Calgary,Canada,4300,185-05,Diplomatie culturelle et d'influence - AEFE,2012
S,FERRAND A,Lycée français de Stockholm,Suède,10000,185-05,Diplomatie culturelle et d'influence - AEFE,2012
S,FERRAND A,Lycée français de Hambourg,Allemagne,7000,185-05,Diplomatie culturelle et d'influence - AEFE,2012
S,FERRAND A,Alliance française de Durban,Afrique du Sud,6000,185-05,Diplomatie culturelle et d'influence - AEFE,2012
S,FERRAND A,Alliance française de la Havane,Cuba,4700,185-05,Diplomatie culturelle et d'influence - AEFE,2012
S,FERRAND A,Ecole française de Bâle,Suisse,3000,185-05,Diplomatie culturelle et d'influence - AEFE,2012
S,FERRAND A,Institut de Formation en Soins Médicaux d'Alep,Syrie,17000,151-01,Offre d'un service public de qualité aux Français à l'étranger,2012
S,FERRAND A,Compagnie Française de Pompiers Volontaires de Lima,Pérou,18000,151-01,Offre d'un service public de qualité aux Français à l'étranger,2012
S,FERRAND A,Association des membres de la légion d'honneur,Vénézuela,5000,151-01,Offre d'un service public de qualité aux Français à l'étranger,2012
S,FERRAND A,Association FLAM à Karlsruhe,Allemagne,5000,151-01,Offre d'un service public de qualité aux Français à l'étranger,2012
AN,FERRAND J-M,Ecole d'Olivia,,1500,209-02,Développement - Coopération bilatérale,2012
AN,FIORASO,Association Fdolma-Enfants Enfants du Tibet,,1000,209-05,Développement - Coopération multilatérale,2012
AN,FLORY,Partage Ardèche Sénégal,,10000,209-02,Développement - Coopération bilatérale,2012
AN,FLORY,C.O.S.I,,3000,209-02,Développement - Coopération bilatérale,2012
AN,FOLLIOT,Association avec toi sans toit,,1000,209-02,Développement - Coopération bilatérale,2012
S,FOUCAUD,Les Amis de Fort-Dauphin,,5000,209-02,Développement - Coopération bilatérale,2012
S,FOUCAUD,Diverses associations,,1000,209-02,Développement - Coopération bilatérale,2012
AN,FRANCINA,Talam Léman,,2000,209-02,Développement - Coopération bilatérale,2012
S,FRASSA,Collège international francophone de Sarajevo,"Bosnie
Herzégovine",17000,185-02,Coopération culturelle et promotion du français,2012
S,FRASSA,Alliance française de Cali,Colombie,8000,185-02,Coopération culturelle et promotion du français,2012
S,FRASSA,Alliance française de San José,Costa Rica,15000,185-02,Coopération culturelle et promotion du français,2012
S,FRASSA,New-York French American School de Harlem,Etats-Unis,7500,185-02,Coopération culturelle et promotion du français,2012
S,FRASSA,Ecole PS58 de Brooklyn,Etats-Unis,7500,185-02,Coopération culturelle et promotion du français,2012
S,FRASSA,Amicale des Anciens des Lycées et Ets Scolaires de Fès des Anciens de Fès et sa région (ADAFES),,11000,185-02,Coopération culturelle et promotion du français,2012
S,FRASSA,Association pour le devoir de mémoire,Monaco,1000,185-02,Coopération culturelle et promotion du français,2012
S,FRASSA,Alliance française de Porto,Portugal,15000,185-02,Coopération culturelle et promotion du français,2012
S,FRASSA,Alliance française d'Asuncion,Paraguay,5000,185-02,Coopération culturelle et promotion du français,2012
S,FRASSA,Centre culturel de Kanel,Sénégal,10000,185-02,Coopération culturelle et promotion du français,2012
S,FRASSA,Ecole française de Berne,Suisse,13000,185-02,Coopération culturelle et promotion du français,2012
S,FRASSA,Ecole française Arthur Rimbaud,Chypre,10000,185-02,Coopération culturelle et promotion du français,2012
S,FRASSA,ecole maternelle du collège Voltaire,Allemagne,10000,185-02,Coopération culturelle et promotion du français,2012
AN,GARRAUD,ADM-Vietnam,,1000,209-02,Développement - Coopération bilatérale,2012
AN,GARRAUD,AGIR abcd,,1000,209-02,Développement - Coopération bilatérale,2012
S,GARRIAUD-MAYLAM,Lycée français Victor Hugo Francfort,Allemagne,12000,185-02,Coopération culturelle et promotion du français,2012
S,GARRIAUD-MAYLAM,Alliance française de Sucre,Bolivie,3000,185-02,Coopération culturelle et promotion du français,2012
S,GARRIAUD-MAYLAM,Lycée français St Exupéry ouagadougou,Burkina-Fasso,3000,185-02,Coopération culturelle et promotion du français,2012
S,GARRIAUD-MAYLAM,Société d'entraide des membres de la Légion d'honneur (comité sud/est Espagne),Espagne,10000,185-02,Coopération culturelle et promotion du français,2012
S,GARRIAUD-MAYLAM,Ecole Jules Verne Helsinki,Finlande,8000,185-02,Coopération culturelle et promotion du français,2012
S,GARRIAUD-MAYLAM,Alliance française d'Ahmedabad,Inde,45300,185-02,Coopération culturelle et promotion du français,2012
S,GARRIAUD-MAYLAM,Alliance française de Bombay,inde,3000,185-02,Coopération culturelle et promotion du français,2012
S,GARRIAUD-MAYLAM,Ecole Montesquieu de Vilnius,Lituanie,4000,185-02,Coopération culturelle et promotion du français,2012
S,GARRIAUD-MAYLAM,Alliance française d'El Obeid,Soudan,3000,185-02,Coopération culturelle et promotion du français,2012
S,GARRIAUD-MAYLAM,Dispensaire français de Londres,Gde-Bretagne,8700,151-01,Offre d'un service public de qualité aux Français à l'étranger,2012
S,GARRIAUD-MAYLAM,Association internationale de Santé,Burkina-Fasso,12000,209-02,Développement - Coopération bilatérale,2012
S,GARRIAUD-MAYLAM,Association Haïtienne d'Aide aux Familles Démunies,Haïti,11000,209-02,Développement - Coopération bilatérale,2012
S,GARRIAUD-MAYLAM,Association Sénégalaise pour la protection des Enfants Déficients Mentaux,Sénégal,4000,209-02,Développement - Coopération bilatérale,2012
S,GARRIAUD-MAYLAM,"Association ""Les compagnons Bâtisseurs d'Espoir""",,3000,209-02,Développement - Coopération bilatérale,2012
AN,GAUBERT,Association Armor Mekong - Le Laos,,5000,209-05,Développement - Coopération multilatérale,2012
AN,GAYMARD,PI-SOLEIL,,4000,209-02,Développement - Coopération bilatérale,2012
AN,GERARD,Association des amis des Pierres Blancs,,1500,209-02,Développement - Coopération bilatérale,2012
AN,GERARD,CAP Santé France,,1500,209-02,Développement - Coopération bilatérale,2012
AN,GERARD,Marcq Tiers-Monde,,1500,209-02,Développement - Coopération bilatérale,2012
AN,GISCARD D'ESTAING Louis,Les Anciens at Amis de la Casamance,,1500,209-02,Développement - Coopération bilatérale,2012
AN,GISCARD D'ESTAING Louis,ARCADE Chamalières,,1500,209-02,Développement - Coopération bilatérale,2012
AN,GISCARD D'ESTAING Louis,France BAOBAS,,2000,209-02,Développement - Coopération bilatérale,2012
AN,GISCARD D'ESTAING Valery,Institut pour la Démocratie en europe,,90000,105-02,Action européenne,2012
AN,GIULIANI,Fondation Robert Schuman,,90000,105-02,Action européenne,2012
AN,GOT,Association AGIRabcd délégation départementale Aquitaine,,1300,209-05,Développement - Coopération multilatérale,2012
AN,GOUJON,AMAD et Développement,,1000,209-02,Développement - Coopération bilatérale,2012
AN,GOUJON,Assolampe Bolingo,,1000,209-02,Développement - Coopération bilatérale,2012
AN,GOUJON,Un toit Un lit pour des orphelins en Inde du Sud,,1000,209-02,Développement - Coopération bilatérale,2012
AN,GROMMERCH,MACINA,,2000,209-02,Développement - Coopération bilatérale,2012
AN,GROSPERRIN,4LTEAM,,1000,209-02,Développement - Coopération bilatérale,2012
AN,GROSPERRIN,Arco Iris,,1000,209-02,Développement - Coopération bilatérale,2012
AN,HAVARD,Emergence Sud,,1000,209-02,Développement - Coopération bilatérale,2012
AN,HUE,Fondation Gabriel Péri,,130000,185-04,Diplomatie culturelle et d'influence - Attractivité et recherche,2012
AN,ISSINDOU,Association France-Russie,,1000,209-05,Développement - Coopération multilatérale,2012
AN,ISSINDOU,Association EYBENS-VAMA ,Roumanie,2000,209-05,Développement - Coopération multilatérale,2012
AN,JACOB,Forum Francophone des Affaires,,25000,185-02,Coopération culturelle et promotion du français,2012
AN,JACOB,4L Brothers 2012,,1000,209-02,Développement - Coopération bilatérale,2012
AN,JACOB,Les Gazelles de Brie,,5000,209-02,Développement - Coopération bilatérale,2012
AN,JACOB,L'envol à 4L,,2000,209-02,Développement - Coopération bilatérale,2012
AN,JACOB,ASEFS,Shangaï,5000,209-02,Développement - Coopération bilatérale,2012
AN,JARDE,Association solidarité Ecologie Afrique madagascar,,5000,209-02,Développement - Coopération bilatérale,2012
AN,JARDE,Association Caire Cœur ,,3000,209-02,Développement - Coopération bilatérale,2012
AN,JARDE,ONG Amitié Picardie magagascar,,3000,209-02,Développement - Coopération bilatérale,2012
AN,JOSSELIN,Cités Unies France,,40000,209-02,Développement - Coopération bilatérale,2012
S,JOUANNO,Amistad,,10000,151-01,Offre d'un service public de qualité aux Français à l'étranger,2012
AN,JUANICO,Association Comité de Jumelage Ile Sainte-marie,,5000,209-05,Développement - Coopération multilatérale,2012
S,KAMMERMANN,Institution Jeanne d'Arc dakar,Sénégal,10000,185-05,Diplomatie culturelle et d'influence - AEFE,2012
S,KAMMERMANN,"Association ""l'Ecole à l'hôpital du Centre hospitalier le Dantec"" de Dakar",Sénégal,5000,185-02,Coopération culturelle et promotion du français,2012
S,KAMMERMANN,Collège Carmel Saint-Joseph Mechref ,Liban,20000,185-05,Diplomatie culturelle et d'influence - AEFE,2012
S,KAMMERMANN,L'Alliance Française de Conception,Chili,35000,185-02,Coopération culturelle et promotion du français,2012
S,KAMMERMANN,L'Alliance franco-Mauritanienne de Nouakchott,Mauritanie,20000,185-05,Diplomatie culturelle et d'influence - AEFE,2012
S,KAMMERMANN,"Centre ""ESTEL"" de Dakar",Sénégal,10000,185-05,Diplomatie culturelle et d'influence - AEFE,2012
AN,KERT,Association Toufat Nakal,,10000,209-02,Développement - Coopération bilatérale,2012
S,KHIARI,Alliance française de Managua,Nicaragua,7000,151-01,Offre d'un service public de qualité aux Français à l'étranger,2012
S,KHIARI,Plateforme des ONG françaises pour la Palestine,,16500,185-01,Diplomatie culturelle et d'influence - Réseau,2012
S,KHIARI,France terre d'asile,,10000,151-01,Offre d'un service public de qualité aux Français à l'étranger,2012
AN,LABRETTE-MENAGER,Le Mans Solidarité Kyabe,,2500,209-02,Développement - Coopération bilatérale,2012
AN,LAGARDE,Association Jeune Europe,Europe,2500,105-02,Action européenne,2012
AN,LAGARDE,"Solidarité protestante France-Arménie
(S.P.F.A)",,68000,209-02,Développement - Coopération bilatérale,2012
AN,LAGARDE,Ferme France Arrménie,,32000,209-02,Développement - Coopération bilatérale,2012
AN,LAMBERT,Association AMADEA Enfance et Développement Madagascar,,2000,209-05,Développement - Coopération multilatérale,2012
AN,LASBORDES,Gif Niger,,2500,209-02,Développement - Coopération bilatérale,2012
AN,LASBORDES,Solidarité Rurale France Madagascar,,2500,209-02,Développement - Coopération bilatérale,2012
AN,LAZARO,AYITIMOUN YO France,,1500,209-02,Développement - Coopération bilatérale,2012
AN,LAZARO,LICORNE,,1000,209-02,Développement - Coopération bilatérale,2012
AN,LAZARO,SHAKTI Népal,,1500,209-02,Développement - Coopération bilatérale,2012
S,LECONTE,Ecole française d'Erevan,Arménie,20000,185-05,Diplomatie culturelle et d'influence - AEFE,2012
S,LECONTE,YERKIR Europe,,20000,185-05,Diplomatie culturelle et d'influence - AEFE,2012
S,LECONTE,Education Française  Bay Area,Etats-Unis,2000,185-05,Diplomatie culturelle et d'influence - AEFE,2012
S,LECONTE,Initiatives France/Hongrie,,10000,185-05,Diplomatie culturelle et d'influence - AEFE,2012
S,LECONTE,Ecole française de Tirana,Albanie,10000,185-05,Diplomatie culturelle et d'influence - AEFE,2012
S,LECONTE,Fraternité française d'Alicante,Espagne,4000,185-05,Diplomatie culturelle et d'influence - AEFE,2012
S,LECONTE,Ecole française Marie Brosset Tbilissi,Georgie,8000,185-05,Diplomatie culturelle et d'influence - AEFE,2012
S,LECONTE,FLAM à Oulan Bator,Mongolie,5000,185-05,Diplomatie culturelle et d'influence - AEFE,2012
S,LECONTE,HCR éducation enfants déplacés de SOACHA,Colombie,7500,185-05,Diplomatie culturelle et d'influence - AEFE,2012
S,LECONTE,Ecole française Docteur René Guillet,Sénégal,12000,185-05,Diplomatie culturelle et d'influence - AEFE,2012
S,LECONTE,Collège International Marie de France Montréal,Canada,3000,185-05,Diplomatie culturelle et d'influence - AEFE,2012
S,LECONTE,Un autre Monde Zagreb ,Croatie,3000,185-01,Diplomatie culturelle et d'influence - Réseau,2012
S,LECONTE,Maison de la Bretagne à Walbrzych,Pologne,3000,185-01,Diplomatie culturelle et d'influence - Réseau,2012
S,LECONTE,Centre Médico Social de Bamako,Mali,7000,185-01,Diplomatie culturelle et d'influence - Réseau,2012
S,LECONTE,Ecole Livia LAMOURE Bamako,Mali,5000,185-01,Diplomatie culturelle et d'influence - Réseau,2012
S,LECONTE,Divers établissements à l'étranger,,500,185-05,Diplomatie culturelle et d'influence - AEFE,2012
AN,LEFRANC,Comité Tiers Monde Isigny-Carentan,,1500,209-02,Développement - Coopération bilatérale,2012
S,LEPAGE,Ecole française Saint-Exupéry Kigali,Rwanda,12000,185-02,Coopération culturelle et promotion du français,2012
S,LEPAGE,Biblio école française de Kampala,Ouganda,6000,185-02,Coopération culturelle et promotion du français,2012
S,LEPAGE,Collège Fodecariah,Allemagne,3500,185-02,Coopération culturelle et promotion du français,2012
S,LEPAGE,Ecole française de Lomé,Togo,7000,185-02,Coopération culturelle et promotion du français,2012
S,LEPAGE,Alliance française de Manakara,Madagascar,2500,185-02,Coopération culturelle et promotion du français,2012
S,LEPAGE,Alliance française de Mahajanga,Madagascar,15000,185-02,Coopération culturelle et promotion du français,2012
S,LEPAGE,Lycée français rené Cassin Fianatrantsoa,Madagascar,10000,185-02,Coopération culturelle et promotion du français,2012
S,LEPAGE,Alliance Jacmel,Haïti,8000,185-02,Coopération culturelle et promotion du français,2012
S,LEPAGE,Lycée franco hellénique E. Delacroix Athènes,Grèce,6000,185-02,Coopération culturelle et promotion du français,2012
S,LEPAGE,Alliances Françaises,Colombie,10000,185-02,Coopération culturelle et promotion du français,2012
S,LEPAGE,Ecole française internationale Vancouver,Canada,8000,185-02,Coopération culturelle et promotion du français,2012
S,LEPAGE,Alliance française d'Ahmedabad,Inde,5000,185-02,Coopération culturelle et promotion du français,2012
S,LEPAGE,Alliance française Vancouver,Canada,8000,185-02,Coopération culturelle et promotion du français,2012
S,LEPAGE,Alliance française de Pasadena,Etats-Unis,5000,185-02,Coopération culturelle et promotion du français,2012
S,LEPAGE,Centre Médical intern. Ouagadougou,Burkina-Fasso,14000,185-02,Coopération culturelle et promotion du français,2012
AN,MACH,Médicale d'Aide au cameroun,Cameroun,2000,209-02,Développement - Coopération bilatérale,2012
AN,MALHERBE,A.SC.H.A.S,,1000,209-02,Développement - Coopération bilatérale,2012
AN,MALHERBE,Amicale Gautier,,1000,209-02,Développement - Coopération bilatérale,2012
AN,MALHERBE,Amitié Madagascar ile-de-France (AMIF),,1000,209-02,Développement - Coopération bilatérale,2012
AN,MALHERBE,Association Danaya,,1000,209-02,Développement - Coopération bilatérale,2012
AN,MALHERBE,MASOVA,,1000,209-02,Développement - Coopération bilatérale,2012
AN,MALHERBE,SALLYFA,,1000,209-02,Développement - Coopération bilatérale,2012
AN,MALLIE,Humantrip,,1500,209-02,Développement - Coopération bilatérale,2012
AN,MANCEL,Association Franco-Turque,,1000,209-02,Développement - Coopération bilatérale,2012
AN,MANCEL,Association Action Développement Alternatif Madagascar,,5000,209-02,Développement - Coopération bilatérale,2012
AN,MANCEL,Soins pour tous (association de soutien au Cambodge,cambodge,10000,209-02,Développement - Coopération bilatérale,2012
S,MARC,Cités Unies ,,20000,151-01,Offre d'un service public de qualité aux Français à l'étranger,2012
AN,MARCON,Echarpes velay Roumanie,,1000,209-02,Développement - Coopération bilatérale,2012
S,MARINI,Association Terre d'Orient,,20000,185-02,Coopération culturelle et promotion du français,2012
S,MARINI,Monastère Saint-Jacques l'Intercis,Liban,5000,185-02,Coopération culturelle et promotion du français,2012
S,MARINI,Mission archéologique française en Libye,,20000,185-02,Coopération culturelle et promotion du français,2012
AN,MARLEIX,4L Trophy Cantal Auvergne,,1000,209-02,Développement - Coopération bilatérale,2012
AN,MARTIN-LALANDE,NIRINA,,6000,209-02,Développement - Coopération bilatérale,2012
AN,MARTIN-LALANDE,SOS Paspanga,,6500,209-02,Développement - Coopération bilatérale,2012
AN,MARTINEZ,Actions pour Ouarack,,1000,209-02,Développement - Coopération bilatérale,2012
AN,MARTINEZ,Afri'Alp Soleil,,1000,209-02,Développement - Coopération bilatérale,2012
AN,MARTINEZ,Developpement Energies Formation,,1000,209-02,Développement - Coopération bilatérale,2012
AN,MARTINEZ,Nos enfants d'ailleurs,,5000,209-02,Développement - Coopération bilatérale,2012
AN,MARTINEZ,Peuples Solidaires,,1000,209-02,Développement - Coopération bilatérale,2012
AN,MARTINEZ,WANA WANA,,1000,209-02,Développement - Coopération bilatérale,2012
AN,MAUROY,Fondation Jean jaurès,,160000,185-04,Diplomatie culturelle et d'influence - Attractivité et recherche,2012
AN,MEHAIGNERIE,Mahatsinjo Bretagne,,1000,209-02,Développement - Coopération bilatérale,2012
S,MIQUEL,L'Alliance française de Managua,Nicaragua,7500,185-02,Coopération culturelle et promotion du français,2012
AN,MORANGE,A Part,,7000,209-02,Développement - Coopération bilatérale,2012
AN,MOREL-A-L'HUISSIER,Association Bukovine Lozère,,1000,209-02,Développement - Coopération bilatérale,2012
AN,MOREL-A-L'HUISSIER,Association MENDIEGO,,1000,209-02,Développement - Coopération bilatérale,2012
AN,MOREL-A-L'HUISSIER,Electriciens Sans Frontières Délégation Languedoc Roussillon,,1000,209-02,Développement - Coopération bilatérale,2012
AN,MOREL-A-L'HUISSIER,Loz'Africa,,1000,209-02,Développement - Coopération bilatérale,2012
AN,MOREL-A-L'HUISSIER,RACING 4L,,1000,209-02,Développement - Coopération bilatérale,2012
AN,MOREL-A-L'HUISSIER,Un Bus pour le sénégal,,1000,209-02,Développement - Coopération bilatérale,2012
AN,MORIN,Liberté par les Chamelles,,3500,209-02,Développement - Coopération bilatérale,2012
AN,MUET,Europe direct Lyon,,3000,105-02,Action européenne,2012
AN,MUSELIER,Amicale des Oraniens,,1500,209-02,Développement - Coopération bilatérale,2012
AN,MUSELIER,Association les enfants d'Asie,,1500,209-02,Développement - Coopération bilatérale,2012
AN,MUSELIER,Enfants du Monde,,2000,209-02,Développement - Coopération bilatérale,2012
AN,MUSELIER,Les Jardins d'Hophrys,,1500,209-02,Développement - Coopération bilatérale,2012
AN,NICOLAS,Rotary Club d'Evreux,,1500,209-02,Développement - Coopération bilatérale,2012
AN,PATERNOTTE,Association des Frères Unis,,10000,209-02,Développement - Coopération bilatérale,2012
AN,PAU-LANGEVIN,Association APDH - Haïti,,8000,209-05,Développement - Coopération multilatérale,2012
AN,PERRUCHOT,Pour la Forêt vierge (Raoni),,5000,209-02,Développement - Coopération bilatérale,2012
AN,PERRUT,Association Construire Accueillir Préserver Chulémo,,1000,209-02,Développement - Coopération bilatérale,2012
S,PIRAS,Comité de jumelage Arménie,,10000,185-02,Coopération culturelle et promotion du français,2012
AN,POIGNANT,Association SSEDCA,,6000,209-02,Développement - Coopération bilatérale,2012
AN,PONIATOWSKI,Eragny lecture,,1000,209-02,Développement - Coopération bilatérale,2012
AN,PONIATOWSKI,Côte de nuits,,1000,209-02,Développement - Coopération bilatérale,2012
AN,PRIOU,Vahiny-Magagascar,,2000,209-02,Développement - Coopération bilatérale,2012
AN,REMILLER,"AGUA-BLANCA ""Les enfants de Cali""",,1000,209-02,Développement - Coopération bilatérale,2012
AN,REMILLER,Fonds arménien de France,,1000,209-02,Développement - Coopération bilatérale,2012
AN,REMILLER,La Sénégauloise,,1000,209-02,Développement - Coopération bilatérale,2012
AN,REMILLER,M'BOUR,,1000,209-02,Développement - Coopération bilatérale,2012
AN,REMILLER,Franco Béninoise d'Echanges,,1000,209-02,Développement - Coopération bilatérale,2012
AN,REMILLER,Les Amis d'Alexandre Lienard,,1000,209-02,Développement - Coopération bilatérale,2012
AN,RICHARD,Action solidarité et Développement sans frontières,,1000,209-02,Développement - Coopération bilatérale,2012
AN,RICHARD,Aéroclub Roger Janin,,2000,209-02,Développement - Coopération bilatérale,2012
AN,RICHARD,Solidarité et d'Aide au Développement des Femmes en Mauritanie,,1500,209-02,Développement - Coopération bilatérale,2012
AN,RICHARD,Lumières de Madagascar,,1500,209-02,Développement - Coopération bilatérale,2012
AN,RICHARD,Sauvez Sagobé Village,,1000,209-02,Développement - Coopération bilatérale,2012
AN,ROBINET,Un collège Solidaire,,5000,209-07,Développement - Coopération communautaire,2012
AN,ROCHEBLOINE,Fonds arménien de France,,20000,209-02,Développement - Coopération bilatérale,2012
AN,ROCHEBLOINE,Rharous Amitié,,5000,209-02,Développement - Coopération bilatérale,2012
AN,ROUQUET,Fond Arménien de France,,40000,209-05,Développement - Coopération multilatérale,2012
AN,SAINT-LEGER,Association Mendiego,,1000,209-02,Développement - Coopération bilatérale,2012
AN,SAINT-LEGER,Association RACING 4L,,1000,209-02,Développement - Coopération bilatérale,2012
AN,SORDI,"Kraing Speu - L'eau, un enjeu vital",,3000,209-02,Développement - Coopération bilatérale,2012
AN,SPAGNOU,SCOBA,,2000,209-02,Développement - Coopération bilatérale,2012
AN,TABAROT,Action Enfance Cambodge,,1000,209-02,Développement - Coopération bilatérale,2012
AN,TABAROT,Amphore International,,1000,209-02,Développement - Coopération bilatérale,2012
AN,TABAROT,Terre d'Azur,,1000,209-02,Développement - Coopération bilatérale,2012
AN,TABAROT,VALESCOT MILOT,,1000,209-02,Développement - Coopération bilatérale,2012
AN,TAUGOURDEAU,Urgence Afrique,,4000,209-02,Développement - Coopération bilatérale,2012
AN,TEISSIER,Horizons Arménie,,2500,209-02,Développement - Coopération bilatérale,2012
AN,TEISSIER,Terre d'Arménie,,1500,209-02,Développement - Coopération bilatérale,2012
AN,TERROT,Amour Sans Frontière,,5000,209-02,Développement - Coopération bilatérale,2012
AN,TERROT,Espoir pour un Enfant,,3000,209-02,Développement - Coopération bilatérale,2012
S,TEULADE,Deux comités de jumelage - Sakal (Sénégal) et Bad König ,,1000,185-02,Coopération culturelle et promotion du français,2012
AN,TIBERI,"Les œuvres hospitalières françaises de l'Ordre de Malte dite ""Ordre de Malte"" France",,3000,209-02,Développement - Coopération bilatérale,2012
AN,TOURAINE,Association Maison de la Francophonie,,2500,185-02,Coopération culturelle et promotion du français,2012
AN,TRASSY-PAILLOGUES,ANDAO,,1000,209-02,Développement - Coopération bilatérale,2012
AN,TRASSY-PAILLOGUES,Numama Togo,,1000,209-02,Développement - Coopération bilatérale,2012
AN,VANNESTE,Via Zogoré,,5000,209-02,Développement - Coopération bilatérale,2012
AN,VANNSON,Kiwanis Club de Gérardmer,,4500,209-02,Développement - Coopération bilatérale,2012
S,VENDEGOU,Association des femmes de KUNIE,,10000,151-01,Offre d'un service public de qualité aux Français à l'étranger,2012
S,VENDEGOU,Association des personnes âgées et handicapées de KOUNIE,,70000,151-01,Offre d'un service public de qualité aux Français à l'étranger,2012
AN,VERCHERE,Rotary Club de tarare,,1000,209-02,Développement - Coopération bilatérale,2012
AN,WARSMANN,Burkin' Ardenn' Avenir,,1000,209-02,Développement - Coopération bilatérale,2012
AN,WARSMANN,Les Enfants d'Allada,,1000,209-02,Développement - Coopération bilatérale,2012
AN,WAUQUIEZ,Association Léo Technico,,1000,209-02,Développement - Coopération bilatérale,2012
AN,WAUQUIEZ,EKITINFO,,1000,209-02,Développement - Coopération bilatérale,2012
AN,WAUQUIEZ,LACIM,,1000,209-02,Développement - Coopération bilatérale,2012
AN,WAUQUIEZ,Les Amis du Grand Toukou et du Cameroun,,1000,209-02,Développement - Coopération bilatérale,2012
AN,WOJCIECHOWSKI,Association Santé Zanskar Himalaya,,2000,209-02,Développement - Coopération bilatérale,2012
AN,WOJCIECHOWSKI,Association Soutien au foyer de l'Espérance de l'Ile aux Nattes,,2000,209-02,Développement - Coopération bilatérale,2012
S,YUNG,CIMADE,Paris,10000,151-01,Offre d'un service public de qualité aux Français à l'étranger,2012
S,YUNG,Alliance française de Tamatave,Madagascar,4000,185-02,Coopération culturelle et promotion du français,2012
S,YUNG,Alliance française de Sambava,Madagascar,12000,185-02,Coopération culturelle et promotion du français,2012
S,YUNG,Association Enfants Français de Madagascar,Madagascar,15000,185-02,Coopération culturelle et promotion du français,2012
S,YUNG,Lycée François St-Exupéry Ouagadougou,Burkina-Fasso,15000,185-02,Coopération culturelle et promotion du français,2012
S,YUNG,Association Solidarité France-Brésil,,5000,185-02,Coopération culturelle et promotion du français,2012
S,YUNG,Centre médico-social de Bamako,Mali,12000,185-02,Coopération culturelle et promotion du français,2012
S,YUNG,Foyer de Grenelle,Paris,10000,185-02,Coopération culturelle et promotion du français,2012
S,YUNG,Lycée Français de Tokyo,Japon,15000,185-02,Coopération culturelle et promotion du français,2012
S,YUNG,Lycée Français de Pondichéry,Inde,10000,185-02,Coopération culturelle et promotion du français,2012
S,YUNG,Ecole Livia LAMOURE,Mali,12000,185-02,Coopération culturelle et promotion du français,2012
AN,ZIMMERMANN,Les Amis de Gandiol,,1000,209-02,Développement - Coopération bilatérale,2012
